{
  "Author": "_Play_",
  "Compatibility": "Compatible",
  "DefuserDifficulty": "Easy",
  "Description": "Figure out through what items and how does the roullete roll through them, then submit a certain item. This module needs you to solve all Rhythm Mazes until it lets you do it. Tags: monochrome-crown, monochrome-blob, 4-squares, 4-cubes",
  "ExpertDifficulty": "Hard",
  "ModuleID": "riftRoulette",
  "MysteryModule": "MustNotBeHidden",
  "Name": "Rift Roulette",
  "Origin": "Mods",
  "Published": "2024-02-05",
  "Quirks": "NeedsOtherSolves",
  "SortKey": "RIFTROULETTE",
  "SourceUrl": "https://github.com/llPlayll/KTANE-AHiT-Mods",
  "SteamID": "3154143846",
  "Symbol": "Rfr",
  "Type": "Regular"
}