{
  "Author": "_Play_",
  "Compatibility": "Compatible",
  "DefuserDifficulty": "Medium",
  "Description": "Navigate a rhythmically-switching maze, collect pons, and escape through the goal. A certain module may make the maze collapse! Tags: yellow-crown, purple-blob, arrows, 6x6-grid, switching",
  "ExpertDifficulty": "Hard",
  "ModuleID": "rhythmMaze",
  "Name": "Rhythm Maze",
  "Origin": "Mods",
  "Published": "2024-02-05",
  "SortKey": "RHYTHMMAZE",
  "SourceUrl": "https://github.com/llPlayll/KTANE-AHiT-Mods",
  "SteamID": "3154143846",
  "Symbol": "Rymz",
  "Type": "Regular"
}