{
  "Author": "_Play_",
  "Compatibility": "Compatible",
  "DefuserDifficulty": "Easy",
  "Description": "Decode a piece of information about a deathwish, and then find it on the Deathwish map. Tags: black-background, text, gray-text, grey-text, glyphs, gray-glyphs, grey-glyphs",
  "ExpertDifficulty": "Easy",
  "ModuleID": "snatchersMap",
  "Name": "Snatcher's Map",
  "Origin": "Mods",
  "Published": "2024-02-05",
  "SortKey": "SNATCHER'SMAP",
  "SourceUrl": "https://github.com/llPlayll/KTANE-AHiT-Mods",
  "SteamID": "3154143846",
  "Symbol": "Sncm",
  "Type": "Regular"
}